百家姓,两字,三字
赵,子,宇
钱,浩,泽
孙,俊,博
李,泽,铭
周,博,浩
吴,思,涵
郑,海,杰
王,振,轩
冯,宇,瑞
陈,嘉,峰
褚,彦,毅
卫,明,涛
蒋,梓,然
沈,文,文
韩,瑞,睿
杨,金,豪
朱,家,清
秦,天,楠
尤,佳,源
许,清,润
何,云,明
吕,立,霖
施,志,宏
张,宏,哲
孔,奕,洋
曹,铭,恒
严,建,乐
华,一,钦
金,健,林
魏,晨,鑫
陶,卓,俊
姜,承,天
戚,哲,潇
谢,涵,华
邹,永,宁
喻,皓,阳
柏,润,皓
水,雨,立
窦,昊,翔
章,林,贤
云,景,龙
苏,智,航
潘,恒,旭
葛,启,江
奚,睿,渊
范,玉,瑜
彭,伟,君
郎,学,成
鲁,圣,锋
韦,旭,山
昌,杰,伟
马,轩,刚
苗,峰,勇
凤,毅,强
花,涛,军
方,然,平
俞,豪,保
任,楠,东
袁,源,辉
柳,霖,力
酆,洋,永
鲍,乐,健
史,钦,世
唐,鑫,广
费,潇,志
廉,华,义
岑,宁,兴
薛,阳,良
雷,翔,海
贺,贤,仁
倪,龙,波
汤,航,贵
滕,江,福
殷,渊,生
罗,瑜,元
毕,君,全
郝,成,国
邬,锋,胜
安,山,学
常,刚,祥
乐,勇,才
于,强,发
时,军,武
傅,平,新
皮,保,利
卞,东,飞
齐,辉,彬
康,力,富
伍,世,顺
元,广,信
余,义,子
卜,兴,昌
顾,良,康
孟,仁,星
平,波,光
黄,贵,达
和,福,安
穆,生,岩
萧,元,中
尹,全,茂
姚,国,进
邵,胜,有
湛,祥,坚
汪,才,和
祁,发,彪
毛,武,诚
禹,新,先
狄,利,敬
米,飞,震
贝,彬,振
明,富,壮
臧,顺,会
计,信,思
伏,昌,群
成,康,心
戴,星,邦
谈,光,承
宋,达,绍
茅,安,功
庞,岩,松
熊,中,善
纪,茂,厚
舒,进,庆
屈,有,磊
项,坚,民
祝,和,友
董,彪,裕
梁,诚,河
杜,先,超
阮,敬,亮
蓝,震,政
闵,壮,谦
席,会,亨
季,群,奇
麻,心,固
强,邦,之
贾,绍,轮
路,功,翰
娄,松,朗
危,善,伯
江,厚,言
童,庆,若
颜,磊,鸣
郭,民,朋
梅,友,斌
盛,裕,梁
林,河,栋
刁,超,维
钟,亮,启
徐,政,克
邱,谦,伦
骆,亨,鹏
高,奇,晨
夏,固,辰
蔡,之,士
田,轮,以
樊,翰,建
胡,朗,家
凌,伯,致
霍,言,树
虞,若,炎
万,鸣,德
支,朋,行
柯,斌,时
昝,梁,泰
管,栋,盛
卢,维,雄
莫,克,琛
白,伦,钧
房,鹏,冠
裘,辰,策
缪,士,腾
干,以,榕
解,致,风
应,树,弘
宗,炎,柏
丁,德,昀
宣,行,勋
贲,时,硕
邓,泰,颢
郁,盛,乾
单,雄,祺
杭,琛,喆
洪,钧,鸿
包,冠,希
诸,策,亦
左,腾,宜
石,榕,沐
崔,风,翊
吉,弘,宣
钮,羽,恬
龚,凡,韵
程,泓,曦
嵇,昕,迪
邢,瀚,帆
滑,可,木
裴,煜,桓
陆,琦,巫
荣,淳,乌
翁,函,焦
荀,凯,巴
羊,烨,弓
于,昱,牧
惠,冰,隗
甄,佑,山
曲,炫,谷
家,晟,车
封,畅,侯
芮,凌,宓
羿,灵,蓬
储,锦,全
靳,绮,郗
汲,沛,班
邴,舒,仰
糜,聪,秋
松,枫,仲
井,渝,伊
段,忻,宫
富,筠,宁
仇,佳,涵
栾,思,婷
暴,雪,慧
甘,梦,瑶
钭,怡,颖
历,雅,清
戎,海,月
祖,美,雯
武,雨,洁
符,欣,妍
刘,子,岚
景,钰,玲
詹,诗,丹
束,金,菲
龙,嘉,萍
叶,涵,媛
幸,慧,琳
司,琳,怡
韶,婷,玉
郜,若,宁
黎,敏,娜
蓟,淑,璇
溥,奕,珊
印,楚,彤
宿,雯,佳
白,清,萱
怀,文,欣
蒲,梓,璐
邰,晨,雅
从,丽,琪
鄂,丹,茹
索,佩,梦
咸,惠,华
籍,月,文
赖,婉,倩
卓,玉,萌
蔺,晓,君
屠,玲,茜
蒙,倩,乐
池,紫,如
乔,秋,钰
阳,洁,静
郁,小,敏
胥,明,洋
能,一,云
苍,媛,莹
双,瑞,雪
闻,静,瑾
莘,爱,芸
党,颖,心
翟,瑶,秀
谭,妍,娟
贡,岚,英
劳,菲,巧
逄,萍,美
姬,宁,淑
申,娜,惠
扶,璇,珠
堵,珊,翠
冉,彤,芝
宰,萱,红
郦,璐,娥
雍,琪,芬
却,茹,芳
璩,华,燕
桑,萌,彩
桂,君,春
濮,茜,菊
牛,乐,兰
寿,如,凤
通,洋,梅
边,云,素
扈,莹,莲
燕,瑾,真
冀,芸,环
姓,心,荣
浦,秀,爱
尚,娟,妹
农,英,霞
温,巧,香
别,珠,莺
庄,翠,艳
晏,芝,瑞
柴,红,凡
瞿,娥,嘉
阎,芬,琼
充,芳,勤
慕,燕,珍
连,彩,贞
茹,春,莉
习,菊,桂
宦,兰,娣
艾,凤,叶
鱼,梅,璧
容,素,娅
向,莲,琦
古,真,晶
易,环,秋
慎,荣,莎
戈,妹,锦
廖,霞,黛
庾,香,青
终,莺,姣
暨,艳,婉
居,凡,娴
衡,琼,露
步,勤,婵
都,珍,雁
耿,贞,蓓
满,莉,纨
弘,桂,仪
匡,娣,荷
国,叶,蓉
文,璧,眉
寇,娅,琴
广,琦,蕊
禄,晶,薇
阙,莎,菁
东,锦,苑
欧,黛,婕
殳,青,馨
沃,姣,瑗
利,娴,琰
蔚,露,韵
越,婵,融
夔,雁,园
隆,蓓,艺
师,纨,咏
巩,仪,卿
厍,荷,聪
聂,蓉,澜
晁,眉,纯
勾,琴,毓
敖,蕊,悦
融,薇,昭
冷,菁,冰
訾,苑,爽
辛,婕,琬
阚,馨,茗
那,瑗,羽
简,琰,希
饶,韵,飘
空,融,育
曾,园,滢
毋,艺,馥
沙,咏,筠
乜,卿,柔
养,聪,竹
鞠,澜,霭
须,纯,凝
丰,毓,晓
巢,悦,欢
关,昭,霄
蒯,冰,枫
相,爽,寒
查,琬,伊
后,茗,亚
荆,羽,宜
红,希,可
游,飘,姬
竺,育,舒
权,滢,影
逮,馥,荔
盍,筠,枝
益,柔,思
桓,竹,丽
公,霭,畅
万俟,凝,凌
司马,欢,谦
上官,霄,歆
欧阳,枫,彦
夏侯,寒,灵
诸葛,伊,彬
闻人,亚,绮
东方,宜,妙
赫连,可,渝
皇甫,姬,忻
尉迟,舒,诺
公羊,影,瑜
澹台,荔,沂
公冶,枝,祺
宗政,桐,安
濮阳,楠,亦
淳于,芯,菡
单于,妮,恬
太叔,恩,沐
申屠,嫣,翊
公孙,蕾,宣
仲孙,昕,铭
轩辕,芷,沁
令狐,之,茵
徐离,辰,林
宇文,函,曦
长孙,妤,迪
慕容,航,帆
司徒,晴,芊
司空,孜,木